Title,Subscribers,Image URL,Channel URL
WerkWerk SG,6884,/img/5/image-channel-5d692692c27334cb613c1352a73089dbc7deced1.jpg,https://t.me/werkwerksg
ARTmorie,79,/img/3/image-channel-33a4e6f78b244552905d334aa595afc89005ef63.jpg,https://t.me/artmorie
Barcelona Restaurants,15,/img/4/image-channel-483928785bf49cb1aa9f392759a4da7602324be2.jpg,https://t.me/barcelonarestaurants
Hootenanny Homestead,1805,/images/default.jpg,https://t.me/baste_pickle
ğŸ°Ø¯Ø³ØªÙ¾Ø®ØªÙ‡Ø§ÛŒ Ø®ÙˆØ¯Ù…ÙˆÙ†ÛŒ (be,13,/img/b/image-channel-b1f25887225e7b3a84f6b7954d2b73c1d1d42996.jpg,https://t.me/bestfood
Bonita | HD Wallpapers,no,/images/default.jpg,https://t.me/bonitahd
Char Stuff,no,https://imagizer.imageshack.us/80x80f/905/ZkWkPu.jpg,https://t.me/char_stuff
Darwin ShowBettas ğŸ ,968,/img/8/image-channel-81f9f83846526afffdf2378cedc42d1c640b4b2c.jpg,https://t.me/darwinshowbettas
SG Budget Babes,46822,/img/3/image-channel-33b670977ad8b1c72ce24e17713b65d72968d0dc.jpg,https://t.me/budgetbabes
Fashionable,no,/images/default.jpg,https://t.me/fashionfoodfitness
FoodChan,119,/img/a/image-channel-a29e86dab5cfbf78b7bd2be39037c45d0500a52f.jpg,https://t.me/foodchan
Food Decorating and De,116,https://cdn.tdirectory.me/images/td/802232812_44798.jpg,https://t.me/fooddesigns
Food,147,/img/7/image-channel-71138bfdb00d92534f2cfd941abfd22cee37c7cf.jpg,https://t.me/foodgasm
Food Pictures,113,/img/5/image-channel-54763c75fda940a672b023d8d252c807494314b7.jpg,https://t.me/foodpics
Food Pictures,no,https://imagizer.imageshack.us/80x80f/924/PEAUjX.jpg,https://t.me/foodpicz
ğŸ‰ Food ^,247,https://cdn.tdirectory.me/images/td/713423456_153249.jpg,https://t.me/foodpron
Food technology,1693,/images/default.jpg,https://t.me/foodtechashish
Food photography uk,13,/images/default.jpg,https://t.me/fooduk
Food Express,15,/img/7/image-channel-785ce478e0ef4aecba97dc1ce3fa3b76d9d4f4fc.jpg,https://t.me/foodxpress
foodydiy,321,/img/6/image-channel-61c42c8706b8f9a78347ec12154485795d54d47f.jpg,https://t.me/foody_diy
"Iranian, Turkish &",181,/img/e/image-channel-eaf20234db3502941b7c17f14a970a31c3cfd7c7.jpg,https://t.me/food_365
DIYgebeta,761,/img/2/image-channel-25d5df12bb4db176835cd4f3b52b98d8ab2a8663.jpg,https://t.me/DIYgebeta
Feel The Music,no,https://imagizer.imageshack.us/80x80f/924/ATZPzk.jpg,https://t.me/ftm_feel_the_music
PSDZONE.NET - Photosho,20048,/img/a/image-channel-ac7c4174731925f3b3ba7009d875685e57512714.jpg,https://t.me/psdzone
sgFoodies,16106,/img/7/image-channel-76afdadb93bf687755622a4b1a4a0791e2d097fe.jpg,https://t.me/sgFoodies
SGSmartpaw,298,/img/e/image-channel-ec90c207c779d7fcfcdd346c13deaf024df0fa5a.jpg,https://t.me/sgsmartpaw
SG Concerts,67183,/img/2/image-channel-2e6af08503266525530b159d12633e6d77acbe7e.jpg,https://t.me/sgconcerts
Italianblog,13,/img/0/image-channel-0af2a742b1aad847573a52d15aaf1e487b8085b3.jpg,https://t.me/italianblog
Investment Talk,no,https://imagizer.imageshack.us/80x80f/923/0X3Aoj.jpg,https://t.me/kdake
Fitness Club,2453,/img/0/image-channel-03493d2a159a2be9bd4897e76fe2a029ee95ebaa.jpg,https://t.me/life365_fitnessclub
@Meat_for_men,no,/images/default.jpg,https://t.me/meat_for_men
/groups,no,/images/default.jpg,https://t.me/nemo94
Love of Food,12591,/img/b/image-channel-b14c61074ca0fcf27d6b2aba26ba3381ea940c10.jpg,https://t.me/onlyfood
Mind's Voice -,12,/img/9/image-channel-9bc8194dfe4c92b17302a08c0a7b57e97f2f319d.jpg,https://t.me/ownyourvoice
POPxoDaily,37,/images/default.jpg,https://t.me/popxodaily
SG Food Deals,125938,/img/f/image-channel-fa5635addacb9e5110dc272b4c8d771a76adcfe8.jpg,https://t.me/sgfooddeals
Healthy Rawmazing Food,784,/img/6/image-channel-60fbf0a8e16270b6fbfe25dccc849700bafe0a73.jpg,https://t.me/rawmazing
Restaurant food,3085,/img/4/image-channel-4f6c2757b9bbeff0df9ed02baa82adfefeb106b4.jpg,https://t.me/restaurantfood
Roadblocksg,no,/images/default.jpg,https://t.me/roadblocsg
Fox,no,/images/default.jpg,https://t.me/ru
Scrumptious,46,/img/3/image-channel-390179a35271e6eac38a4ecf37a4d1abb9e64f86.jpg,https://t.me/scrumptiouskitchen
sgexpo,50,https://cdn.tdirectory.me/images/td/850614017_26779.jpg,https://t.me/sgexpo
SGJOB4U ğŸ (Singapore J,24731,/img/6/image-channel-6156d00451767678b1dd6ff9c94121551a397fec.jpg,https://t.me/sgjob4u
sgsme.sg,21,/img/8/image-channel-8c30668f6491ba0e8b334c0ebceced6988a91c39.jpg,https://t.me/sgsmesg
SG Temporary / Immedia,718,/img/7/image-channel-7bb47aee28ee9bf6efd1226ab7b4fd54666bee16.jpg,https://t.me/sgtempjobss
Souq Alssulb,no,https://imagizer.imageshack.us/80x80f/923/5BD87g.jpg,https://t.me/souqalssulbs
Souq Alssulb,no,https://imagizer.imageshack.us/80x80f/924/TdIw48.jpg,https://t.me/souqalssulbtchannels
SG New Movies & Sh,28605,/img/9/image-channel-9d6bb339ed9bef46e3d37e4f2f605eb940b46d22.jpg,https://t.me/sgnewmovies
Eatbook,47850,/img/a/image-channel-a7cd0a7b8d39119b1854646454a9bd43fffabac2.jpg,https://t.me/eatbooksg
Singapore Internship O,19897,/img/e/image-channel-effaa5d7ff6d98749ebb52878e9d1cfcc96d8a24.jpg,https://t.me/sginternships
The Cajun LifeğŸŠ,90,/img/8/image-channel-879c26bb8ace43da57117a9a72ec114b83519914.jpg,https://t.me/thecajunlife
MS News,53500,/img/3/image-channel-33dceb994a178ebea616ad26c0764b7e00f7b8fc.jpg,https://t.me/mustsharenews
Bitcoin Gold Singapore,526,/img/5/image-group-556cb02e41c09161ec36b1f0dc50d5d0fd927231.jpg,https://t.me//group/bitcoinGoldSingapore
BitForex_KRğŸ‡°ğŸ‡·,884,/images/default.jpg,https://t.me//group/BitForex_KR
Tamil Chat ğŸ€Friends Wo,10067,/img/6/image-group-66f70c58974532bbf8ce5c6222687cb680cddf66.jpg,https://t.me//group/tamilchat
Cooking Chat English,no,/images/default.jpg,https://t.me//group/Cooking-Chat-English
ğŸ‡¸ğŸ‡¬ SGP Hitch ğŸ‘‹ = ğŸš™ | ğŸ›µ,88158,/img/9/image-group-976e18f91dcd044c12f9636a86a008b336c793b3.jpg,https://t.me//group/sgphitch
CryptoSGICO,702,/img/a/image-group-a896c5120b2da175c5e7c1f0791705bdd76d78d9.jpg,https://t.me//group/cryptosgico
delicia - Global Food,114,/img/b/image-group-be96f77df17e4aac5c2a25e35963858f8d7f22d0.jpg,https://t.me//group/deliciaDFT
ğŸ‡¸ğŸ‡¬ SG Hitch ğŸ‘‹ = ğŸš— | ğŸ›µ,164865,/img/f/image-group-f8a5c8207c4728a017c9ba24f14d6bd6acceedb2.jpg,https://t.me//group/sghitch
Food Hunters ğŸ›ğŸ˜‹ | Kera,3965,/img/2/image-group-20d10464726ffdafe9aec1517e9ffc4023a34ceb.jpg,https://t.me//group/FoodHunters
FPL Only Lah,511,/img/3/image-group-3b9441bd77abec6821a225d69bf1f2ca1d45691d.jpg,https://t.me//group/FplOnlyLah
Fight against COVID19ğŸ‡®,1321,/img/6/image-group-6ec56a0aaad95875cbac04091169770bbb4de025.jpg,https://t.me//group/fightagainstcovid19
IV100% Perfect Pokemon,3956,/images/default.jpg,https://t.me//group/IV100-Perfect-Pokemons
IV100% Pokemons Singap,4675,/images/default.jpg,https://t.me//group/IV100-Pokemons-Singapore
Caesiumlabmedia,4413,/img/b/image-group-b62d61394a56ed3b6064089a6b82bc49b78e1a97.jpg,https://t.me//group/caesiumlabmedia
Singapore,5,/images/default.jpg,https://t.me//group/NEM-Singapore
Singapore,10,/images/default.jpg,https://t.me//group/private_Singapore
SG Beauty Freebies ğŸ’„ğŸ›,136,/img/1/image-group-1e0a7d7cc8fcb8238be4e31de2d4de3cc320854e.jpg,https://t.me//group/sgbeautyfreebies
SKY HIGH,138,/images/default.jpg,https://t.me//group/SH_skyhigh
Singapore,10,/images/default.jpg,https://t.me//group/Singapore
TE-FOOD SPAIN (TFD),34,/img/e/image-group-e9589e243f250127a497dc67850cfcefe16154b0.jpg,https://t.me//group/TE_FOOD_SPAIN
Mobile Legends Singapo,8515,/img/1/image-group-1978ccfddd401c15ad649f562abff383b9b27d51.jpg,https://t.me//group/mobilelegendssingapore
Zilliqa Official Chat,15693,/img/1/image-group-156abda07fb0a62fdbe69c4a550600c410ccd3f4.jpg,https://t.me//group/zilliqachat
UBER EATS AND ğŸŒ­ğŸ¥ªğŸ” RIDE,1059,/img/8/image-group-8acdbd56037ac059dabd8ee224d0d07e16308c01.jpg,https://t.me//group/UbereatsandRidesGiftcards
ğŸ‡¸ğŸ‡¬ğŸ›µ SG Swift Bike | Si,10169,/img/5/image-group-56488ab66f9291c0edae92b39d533cfe4423e2b2.jpg,https://t.me//group/sgswiftbike
Genshin Impact SG ğŸ‡¸ğŸ‡¬,890,/img/0/image-group-0ff3f7dd378f4650c1981b7cc83cc89c3336fa52.jpg,https://t.me//group/genshinimpactsg
MerlionğŸ‡¸ğŸ‡¬Singapore SG,23658,/img/c/image-group-c6fa06d0ddba6d3d584530dddedb7fc707c6ad1c.jpg,https://t.me//group/merlionsg
Binance_Singapore,524,/img/3/image-group-37aa9f4adc66fbca124bba100b6a29a9dd9d539b.jpg,https://t.me//group/binance_singapore
SINGAPORE OPEN FLEA MA,8562,/img/3/image-group-346d6f88eac1d4bdbd42c18c244e45fac4b2748d.,https://t.me//group/sg_usfleamarket
Singapore Chat,938,/img/0/image-group-0885411240532e73ff8f0bcde2a644008d8f0c57.jpg,https://t.me//group/singaporechat
Queens EUC Food &,80,/img/1/image-group-1e6f88f04bd49c1f3d589521ab961aeaf8e395f5.jpg,https://t.me//group/queenseuc
Jiayuan âœª çº¦ä¼š Soqun Chi,3703,/img/0/image-group-04e7ffe92580c6b1ed1bac5afcc9ec099e625f53.jpg,https://t.me//group/jiayuancom
EDMW Pruss One Riders,98,https://cdn.tdirectory.me/images/td/image-group-d0ef774287d3e59da7c4a6f0a46bfe796e3b4cd6.jpg,https://t.me//group/prussone4edmw
Pacificfishdepot.com,353,/img/a/image-group-a161c713cd1f51aecbdc4af153af3bb315b82bfe.jpg,https://t.me//group/pacificfishdepots
ğŸ‡²ğŸ‡¾ğŸ‡¸ğŸ‡¬SEA Sports & ESpor,5185,https://cdn.tdirectory.me/images/td/image-group-44a4d647bf8e7017c38adfc8861b29f2f2e08b58.jpg,https://t.me//group/ssel23sea
Mi Mix 3 5G Unofficial,426,/img/7/image-group-7c89181fa93b41cbf8fae5155dee48246b89926a.jpg,https://t.me//group/mimix3_5g
Indian Food #food #rec,286,/img/8/image-group-89ab003a65e7d3254b45d0c17cc4bd93d0fb4973.jpg,https://t.me//group/officialindianfood
ğŸ‡¸ğŸ‡¬ SG Talk Share &,8054,/img/f/image-group-ffc823f72a65aa3a2dd5a160a281afcc813a3c5e.jpg,https://t.me//group/sgtalk
SentosağŸ‡¸ğŸ‡¬Singapore Nig,7873,/img/c/image-group-ca119fea979acaed8b264755b165be061aa74529.jpg,https://t.me//group/sentosasg
Singapore Build-to-Ord,8254,/img/6/image-group-6eb1fc3d0b9ef107f5c19bf28789fe676a29b668.jpg,https://t.me//group/sgbto
Fraud Lounge ğŸ’³ (chat),347,https://cdn.tdirectory.me/images/td/image-group-a080963f599f3cae2d46a7b225ec388630ea6e58.jpg,https://t.me//group/fraudloungechat
Sharder,817,/img/c/image-group-c97b957ceedc8554af4b615416696cbfdc2f41e2.jpg,https://t.me//group/sharder_talk
Carnivores,422,/img/3/image-group-3159e12f39684a8118b18fb577e63f3c2622f029.jpg,https://t.me//group/carnivores
Bolt food KrakÃ³w ğŸ‡§ğŸ‡¾ğŸ‡ºğŸ‡¦ğŸ‡·,161,/img/3/image-group-325b8e9526746dff53e9bbfde07bcbd13ef62771.jpg,https://t.me//group/bfkrakowchatru
ğŸ‡¸ğŸ‡¬ğŸ» NightLife SINGAPOR,43729,/img/e/image-group-ef40a66dd0852cace6e113bcf33d0a684d61e3e6.jpg,https://t.me//group/sgnightlife
SINGAPORE SCAMMER ALER,4869,/img/d/image-group-d8d290eeff68836e102c8d4ef48ead25dc2b0da0.jpg,https://t.me//group/sgscammeralert
ğŸ‡¹ğŸ‡­ğŸ» NightLife THAILAND,3053,/img/e/image-group-e4fd07f0fed5da7e14f949efe4f64552832e2d9c.jpg,https://t.me//group/thainightlife
ğŸ‡¸ğŸ‡¬ Onward Discussion,93,https://cdn.tdirectory.me/images/td/image-group-8767653265fd7615fb1d35127a5fae8c542d05e2.jpg,https://t.me//group/cryptoonwardsg
Mobox Singapore / Chin,12026,/img/6/image-group-62d526e8b5394c3ae50f6c795c78007bc089ad56.jpg,https://t.me//group/mobox_cn
âœ¨ï¸Night is Still YangğŸ¥‚,91,/img/3/image-group-335b6daebd27824e85ac2f736432d3880c32a818.jpg,https://t.me//group/gowheretonight
Dark SG Market (Sell A,5682,/img/a/image-group-a7cd74d83b517c1050712526047e581cc4c5d9dd.,https://t.me//group/darksgnasilemak
SG Kedai Kopi Place fo,5063,/img/3/image-group-3f3a6c228ee1f6574add4d87c48f07fb8d3c763c.,https://t.me//group/sgkedaikopi
BTOHQ | Singapore Buil,6104,/img/0/image-group-02d22c56d8d491db2d663c50daf980e5237c859a.jpg,https://t.me//group/btohqsg
